<?xml version="1.0" encoding="UTF-8"?>
<project-private xmlns="http://www.netbeans.org/ns/project-private/1">
    <editor-bookmarks xmlns="http://www.netbeans.org/ns/editor-bookmarks/2" lastBookmarkId="0"/>
    <open-files xmlns="http://www.netbeans.org/ns/projectui-open-files/2">
        <group>
            <file>file:/C:/Users/Hp/Documents/NetBeansProjects/E-learning%20managment%20system/E-LearningManagementSystem/E-LearningManagementSystem/src/Course.java</file>
            <file>file:/C:/Users/Hp/Documents/NetBeansProjects/E-learning%20managment%20system/E-LearningManagementSystem/E-LearningManagementSystem/src/ManageGrades.java</file>
            <file>file:/C:/Users/Hp/Documents/NetBeansProjects/E-learning%20managment%20system/E-LearningManagementSystem/E-LearningManagementSystem/src/User.java</file>
            <file>file:/C:/Users/Hp/Documents/NetBeansProjects/E-learning%20managment%20system/E-LearningManagementSystem/E-LearningManagementSystem/src/StaffHome.java</file>
            <file>file:/C:/Users/Hp/Documents/NetBeansProjects/E-learning%20managment%20system/E-LearningManagementSystem/E-LearningManagementSystem/src/Student.java</file>
        </group>
    </open-files>
</project-private>
